I,Q
7.006685733795166016e-01,-7.015480995178222656e-01
-1.253423630259931087e-03,1.001857399940490723e+00
-7.386856079101562500e-01,-6.853182911872863770e-01
1.002346038818359375e+00,-1.999520137906074524e-02
-1.018541574478149414e+00,-1.317959278821945190e-02
1.004335761070251465e+00,4.124048864468932152e-04
1.076076459139585495e-02,-1.016314029693603516e+00
-9.684944748878479004e-01,-1.545586623251438141e-03
-7.210558652877807617e-01,7.277435064315795898e-01
-2.085930109024047852e-02,9.957887530326843262e-01
-7.020415663719177246e-01,-6.920399665832519531e-01
-6.997535824775695801e-01,-7.014289498329162598e-01
-7.070050239562988281e-01,-6.943453550338745117e-01
-6.825869083404541016e-01,-6.942891478538513184e-01
-7.093327045440673828e-01,6.996559500694274902e-01
-1.008816957473754883e+00,1.068555284291505814e-02
7.112922072410583496e-01,-6.970909833908081055e-01
-1.020415782928466797e+00,3.603566810488700867e-02
1.017710208892822266e+00,1.896810531616210938e-02
-3.836108371615409851e-03,-9.630493521690368652e-01
9.703922867774963379e-01,-4.095514491200447083e-02
6.845120191574096680e-01,-6.963351964950561523e-01
-1.164993830025196075e-02,9.806617498397827148e-01
-6.865696907043457031e-01,-6.928724646568298340e-01
7.212664484977722168e-01,-7.155880928039550781e-01
9.363475255668163300e-03,1.009408712387084961e+00
6.911082267761230469e-01,-6.987907886505126953e-01
7.311328053474426270e-01,6.904456019401550293e-01
-1.000296831130981445e+00,1.420280244201421738e-02
7.087768316268920898e-01,7.023545503616333008e-01
6.843045949935913086e-01,7.033731341361999512e-01
-2.781494520604610443e-02,9.886316657066345215e-01
-7.151387929916381836e-01,6.795501708984375000e-01
6.403535604476928711e-01,6.908428668975830078e-01
6.926247477531433105e-01,-7.704980373382568359e-01
-6.816146373748779297e-01,-6.944192051887512207e-01
1.009767770767211914e+00,4.859018605202436447e-03
1.016039133071899414e+00,1.328306552022695541e-02
7.280536293983459473e-01,-7.299063801765441895e-01
-9.715384244918823242e-01,2.095042541623115540e-02
7.166984677314758301e-01,6.846275925636291504e-01
-2.592432545498013496e-03,-1.022464990615844727e+00
3.406493365764617920e-02,-1.000203490257263184e+00
-7.052502632141113281e-01,-6.955343484878540039e-01
1.810423098504543304e-02,9.923300743103027344e-01
2.829858474433422089e-02,-9.921702146530151367e-01
-6.914941072463989258e-01,-6.948950886726379395e-01
7.232587337493896484e-01,6.947776079177856445e-01
7.227902412414550781e-01,-7.068944573402404785e-01
-1.610058359801769257e-02,-9.632986783981323242e-01
7.030697464942932129e-01,-6.865682601928710938e-01
-7.050953507423400879e-01,-6.956953406333923340e-01
-1.026479363441467285e+00,3.656282788142561913e-03
-9.913089871406555176e-01,-1.199979335069656372e-02
-7.164663076400756836e-01,-7.192710638046264648e-01
-9.830653071403503418e-01,-1.325818244367837906e-02
9.821681976318359375e-01,-2.615070715546607971e-02
6.943143010139465332e-01,7.271922826766967773e-01
-6.916159391403198242e-01,7.014021277427673340e-01
-6.978009343147277832e-01,-7.152091860771179199e-01
-6.783252358436584473e-01,-6.951312422752380371e-01
7.138857245445251465e-01,7.067353129386901855e-01
-1.243455335497856140e-02,9.957342147827148438e-01
1.020509935915470123e-02,1.011499166488647461e+00
3.813775628805160522e-02,-9.655908942222595215e-01
1.036996006965637207e+00,7.901993580162525177e-03
1.005331397056579590e+00,1.139271818101406097e-02
1.021525859832763672e+00,-2.563671395182609558e-02
6.941468715667724609e-01,7.380623221397399902e-01
-6.987610459327697754e-01,-6.727071404457092285e-01
-7.346857786178588867e-01,-7.184011340141296387e-01
-9.772137403488159180e-01,5.646030604839324951e-02
-3.615285037085413933e-03,-1.016007781028747559e+00
-7.105470895767211914e-01,-7.175291180610656738e-01
-6.538661718368530273e-01,7.247712016105651855e-01
6.934000253677368164e-01,-6.804702281951904297e-01
6.639298200607299805e-01,-6.788305640220642090e-01
6.560010910034179688e-01,6.932269334793090820e-01
-1.023907423019409180e+00,-3.494552895426750183e-02
-6.633421871811151505e-03,-9.694420695304870605e-01
7.245795130729675293e-01,-7.162018418312072754e-01
5.050021782517433167e-02,-9.880281686782836914e-01
-1.451158523559570312e-02,1.052772879600524902e+00
9.816457629203796387e-01,-2.722793072462081909e-02
8.988353423774242401e-03,1.046408414840698242e+00
-6.825083494186401367e-01,7.286447882652282715e-01
3.818617388606071472e-02,-1.008565425872802734e+00
1.000696897506713867e+00,-3.435252979397773743e-02
-7.045024037361145020e-01,-6.886322498321533203e-01
-9.997570514678955078e-01,-2.647318691015243530e-02
-7.103695869445800781e-01,7.354359030723571777e-01
4.930834099650382996e-02,-9.594221711158752441e-01
-7.073237299919128418e-01,-7.050533890724182129e-01
4.610851034522056580e-02,9.746428132057189941e-01
-7.071864008903503418e-01,6.855977177619934082e-01
6.965377926826477051e-01,7.316188216209411621e-01
-9.914400577545166016e-01,1.758023165166378021e-02
-7.124035954475402832e-01,6.927917003631591797e-01
-6.838825941085815430e-01,7.005666494369506836e-01
1.012832999229431152e+00,2.404943667352199554e-02
-9.656720757484436035e-01,-9.419899433851242065e-03
-9.668720886111259460e-03,-1.005643725395202637e+00
9.901419878005981445e-01,-1.607851870357990265e-02
6.610231939703226089e-03,-1.007962822914123535e+00
1.040817856788635254e+00,2.553975954651832581e-02
-7.117324471473693848e-01,7.075756192207336426e-01
1.009486675262451172e+00,-1.868244260549545288e-02
-7.046444416046142578e-01,7.327244281768798828e-01
-7.295670509338378906e-01,-6.624100804328918457e-01
-7.319659590721130371e-01,6.947745084762573242e-01
6.821929812431335449e-01,7.080186605453491211e-01
-7.437709569931030273e-01,6.765108704566955566e-01
-9.988061785697937012e-01,-1.929047401063144207e-03
-7.148855328559875488e-01,6.952460408210754395e-01
7.075555324554443359e-01,6.773762106895446777e-01
-6.922881603240966797e-01,6.951617002487182617e-01
6.521389354020357132e-03,9.988799691200256348e-01
-7.134773135185241699e-01,-6.941608786582946777e-01
6.708140373229980469e-01,7.057918310165405273e-01
6.609623879194259644e-02,-1.016124010086059570e+00
-9.831219315528869629e-01,-7.064221892505884171e-03
-6.227583624422550201e-03,-9.840461015701293945e-01
6.996523737907409668e-01,7.050184607505798340e-01
7.158691883087158203e-01,7.136142253875732422e-01
-7.354857921600341797e-01,-7.179080247879028320e-01
-1.017735123634338379e+00,-2.015934325754642487e-02
-4.418260417878627777e-03,-1.056170940399169922e+00
-7.107703089714050293e-01,7.017614245414733887e-01
-7.077468037605285645e-01,6.828190684318542480e-01
1.002747893333435059e+00,8.247706107795238495e-03
7.403686046600341797e-01,-6.973920464515686035e-01
-2.182509284466505051e-03,-1.014837384223937988e+00
-7.003752589225769043e-01,-7.408679127693176270e-01
-1.031377073377370834e-02,-1.003389239311218262e+00
-1.011812686920166016e+00,2.137686498463153839e-02
-7.080487608909606934e-01,-7.119109630584716797e-01
1.009426116943359375e+00,-1.009306870400905609e-02
6.789985299110412598e-01,7.244477272033691406e-01
-1.013694286346435547e+00,8.572826161980628967e-03
-7.092936038970947266e-01,7.555239796638488770e-01
6.599878668785095215e-01,-7.261391282081604004e-01
-6.685801744461059570e-01,-6.988168954849243164e-01
6.840298175811767578e-01,-7.292575836181640625e-01
-6.917705535888671875e-01,-6.767050623893737793e-01
1.107038464397192001e-02,-1.011040925979614258e+00
9.751848578453063965e-01,2.472030743956565857e-02
6.977204084396362305e-01,-7.330994009971618652e-01
-3.178729861974716187e-02,-1.026786088943481445e+00
1.025355339050292969e+00,1.008682884275913239e-02
1.477599237114191055e-02,-9.755404591560363770e-01
-7.116069793701171875e-01,6.914739012718200684e-01
-7.087299227714538574e-01,7.238997817039489746e-01
-7.230186462402343750e-01,-6.847676038742065430e-01
7.265657782554626465e-01,7.064807415008544922e-01
-1.095377374440431595e-02,-1.061726689338684082e+00
7.417441606521606445e-01,-7.143129706382751465e-01
-1.442756876349449158e-02,-1.007128477096557617e+00
6.527118086814880371e-01,7.114562392234802246e-01
7.311563491821289062e-01,-7.064070105552673340e-01
-1.010659337043762207e+00,2.433310262858867645e-02
-6.931432485580444336e-01,7.531098723411560059e-01
-2.182130888104438782e-02,-1.007361054420471191e+00
6.955159306526184082e-01,-6.950736045837402344e-01
-6.929091215133666992e-01,7.081449031829833984e-01
-4.753498733043670654e-02,-9.785950779914855957e-01
-6.788561940193176270e-01,7.194775938987731934e-01
-1.490027830004692078e-02,-9.444826841354370117e-01
1.004340052604675293e+00,-3.160157799720764160e-02
7.276525497436523438e-01,-7.085995674133300781e-01
-7.220106720924377441e-01,-7.202547788619995117e-01
-7.128315567970275879e-01,6.773772239685058594e-01
-1.168658584356307983e-02,9.909048676490783691e-01
6.957204341888427734e-01,6.927133798599243164e-01
7.220318317413330078e-01,-7.206711769104003906e-01
6.832560300827026367e-01,-7.639397978782653809e-01
-7.198362946510314941e-01,-7.129690647125244141e-01
4.731719382107257843e-03,1.013858914375305176e+00
4.264117032289505005e-02,9.776344895362854004e-01
1.007419824600219727e+00,-2.771424129605293274e-02
5.863267462700605392e-03,1.010473728179931641e+00
7.479645609855651855e-01,6.932622790336608887e-01
7.144475579261779785e-01,6.933374404907226562e-01
9.846306443214416504e-01,-1.101187616586685181e-02
-7.296994328498840332e-01,-7.127373218536376953e-01
-2.555730752646923065e-02,-9.519211053848266602e-01
-9.717555046081542969e-01,9.768330492079257965e-03
6.890016198158264160e-01,-6.956038475036621094e-01
1.279611419886350632e-02,9.892500042915344238e-01
6.995157599449157715e-01,6.905148029327392578e-01
2.184284292161464691e-02,9.714906811714172363e-01
-7.241409420967102051e-01,-7.457855939865112305e-01
3.110712580382823944e-02,9.916322231292724609e-01
-1.022234916687011719e+00,4.517176712397485971e-04
-1.016882538795471191e+00,-1.259288936853408813e-02
-6.934355497360229492e-01,-6.914553642272949219e-01
-7.920654024928808212e-04,1.001327633857727051e+00
9.891508817672729492e-01,6.258768029510974884e-03
-1.047255635261535645e+00,-3.457843326032161713e-03
6.709021329879760742e-01,7.201256752014160156e-01
-7.392721176147460938e-01,7.024823427200317383e-01
2.215471584349870682e-03,1.009685397148132324e+00
-3.322074562311172485e-02,1.005686283111572266e+00
-7.373154163360595703e-01,-7.050477862358093262e-01
6.958023905754089355e-01,-7.379328012466430664e-01
-1.057521939277648926e+00,-7.365104276686906815e-03
-7.314173579216003418e-01,-6.979632377624511719e-01
6.813136339187622070e-01,-6.841134428977966309e-01
7.431378960609436035e-01,6.795201301574707031e-01
-7.293457984924316406e-01,-7.155678868293762207e-01
-6.988604664802551270e-01,-6.776255369186401367e-01
-9.953328371047973633e-01,-7.018384523689746857e-03
9.812402129173278809e-01,-2.594188041985034943e-02
-1.833506114780902863e-02,9.918617606163024902e-01
-2.569982968270778656e-02,1.022202491760253906e+00
-2.038752287626266479e-02,1.016752123832702637e+00
-9.998919367790222168e-01,-2.152113057672977448e-02
-1.006988048553466797e+00,-8.351961878361180425e-05
6.912578940391540527e-01,7.278301715850830078e-01
-1.184757426381111145e-02,-9.936514496803283691e-01
-5.038486327975988388e-03,-9.823493957519531250e-01
-6.500256247818470001e-03,1.017567038536071777e+00
-9.729270935058593750e-01,-2.041037008166313171e-02
6.986054182052612305e-01,7.109948992729187012e-01
1.426173374056816101e-03,9.689033031463623047e-01
-7.086777687072753906e-01,-7.168081402778625488e-01
-6.884171962738037109e-01,7.311405539512634277e-01
-1.036977648735046387e+00,3.367994622749392875e-06
6.526046395301818848e-01,-7.182184457778930664e-01
9.943439364433288574e-01,9.719379246234893799e-03
-6.929894089698791504e-01,-7.035350203514099121e-01
-7.190063595771789551e-01,-6.561442613601684570e-01
-9.930925965309143066e-01,2.238466963171958923e-02
7.059382200241088867e-01,7.378861308097839355e-01
7.182339429855346680e-01,7.659026384353637695e-01
-1.249287184327840805e-02,9.844646453857421875e-01
-7.235636115074157715e-01,6.814778447151184082e-01
1.000136137008666992e+00,2.228028140962123871e-02
1.725398586131632328e-03,-1.008466005325317383e+00
-4.312210530042648315e-02,9.977061748504638672e-01
-6.853386163711547852e-01,7.258588671684265137e-01
9.553067088127136230e-01,1.187807356473058462e-04
-7.504621744155883789e-01,7.002107501029968262e-01
-6.989056468009948730e-01,-6.641249656677246094e-01
-6.616891622543334961e-01,7.129907011985778809e-01
-6.249418947845697403e-03,9.880167841911315918e-01
-7.192884683609008789e-01,-6.926789283752441406e-01
2.109450660645961761e-02,1.022919893264770508e+00
-7.149583101272583008e-01,-7.161233425140380859e-01
-7.266818881034851074e-01,-6.669392585754394531e-01
1.617584563791751862e-02,1.000689744949340820e+00
2.860321290791034698e-02,1.029763936996459961e+00
7.042832970619201660e-01,-6.760088801383972168e-01
-4.825592786073684692e-02,9.646481871604919434e-01
-1.033881068229675293e+00,-8.959040045738220215e-03
7.076304554939270020e-01,7.358866333961486816e-01
1.011966466903686523e+00,-1.827169768512248993e-02
7.414141297340393066e-01,6.751828789710998535e-01
-7.163984179496765137e-01,-6.972035765647888184e-01
6.976860761642456055e-01,7.348484396934509277e-01
9.975735545158386230e-01,-4.796776920557022095e-03
7.300946116447448730e-01,-7.135738134384155273e-01
-6.875644922256469727e-01,-7.058224081993103027e-01
1.039983391761779785e+00,-2.836519293487071991e-02
6.841029524803161621e-01,-6.958016753196716309e-01
7.130689620971679688e-01,-6.563200354576110840e-01
1.885012164711952209e-02,-1.012078642845153809e+00
9.574186205863952637e-01,-2.068865671753883362e-02
-7.151333093643188477e-01,6.989590525627136230e-01
-3.927368088625371456e-04,9.785513877868652344e-01
-2.608031220734119415e-02,9.890782237052917480e-01
1.007946968078613281e+00,-6.585252471268177032e-03
-1.031778335571289062e+00,-1.107864314690232277e-03
-9.752179384231567383e-01,-3.421005234122276306e-02
-7.112061381340026855e-01,-6.910825967788696289e-01
9.840246438980102539e-01,1.140069589018821716e-02
7.426354289054870605e-01,6.642466187477111816e-01
4.867589473724365234e-02,-9.763120412826538086e-01
7.415838241577148438e-01,6.646382212638854980e-01
-7.062820196151733398e-01,-6.997805237770080566e-01
-2.348162420094013214e-02,-1.024601101875305176e+00
-1.015142560005187988e+00,8.027268573641777039e-03
1.026541709899902344e+00,1.856638863682746887e-02
-7.421901822090148926e-01,7.124422192573547363e-01
1.972143165767192841e-02,-9.878990054130554199e-01
6.844773292541503906e-01,7.190881371498107910e-01
-1.198947150260210037e-02,9.793990850448608398e-01
7.188468575477600098e-01,-7.232417464256286621e-01
-2.339802868664264679e-02,1.003886580467224121e+00
-7.112935781478881836e-01,6.773043870925903320e-01
3.110912255942821503e-02,-1.030363321304321289e+00
-6.667325496673583984e-01,-7.603830099105834961e-01
9.999624490737915039e-01,8.493099361658096313e-03
-7.169874310493469238e-01,6.864312887191772461e-01
-1.009508013725280762e+00,1.367564313113689423e-02
-7.344011664390563965e-01,-6.922705173492431641e-01
6.825273036956787109e-01,6.978019475936889648e-01
-6.985172629356384277e-01,6.794469952583312988e-01
7.431852817535400391e-01,-7.185153365135192871e-01
2.319880388677120209e-02,9.988954067230224609e-01
7.151365280151367188e-01,-7.218123674392700195e-01
-7.387967109680175781e-01,-6.964125037193298340e-01
-7.098291516304016113e-01,6.732302904129028320e-01
9.958994984626770020e-01,-9.820082923397421837e-04
1.033579468727111816e+00,1.126681733876466751e-02
1.017012000083923340e+00,-2.728911116719245911e-02
-7.167021036148071289e-01,7.023410797119140625e-01
-1.011875748634338379e+00,5.106467008590698242e-02
-7.042783498764038086e-01,-6.785227656364440918e-01
7.265827655792236328e-01,7.235388755798339844e-01
-2.459755912423133850e-02,9.870367050170898438e-01
1.848020404577255249e-02,-9.961837530136108398e-01
7.012218236923217773e-01,-7.255451083183288574e-01
-7.751963566988706589e-03,1.016982436180114746e+00
9.880492091178894043e-01,2.191745303571224213e-02
1.810238324105739594e-02,-1.027205467224121094e+00
-6.724281311035156250e-01,7.448195219039916992e-01
3.221438080072402954e-02,-1.008918642997741699e+00
-7.090204358100891113e-01,6.636535525321960449e-01
-9.559703175909817219e-04,9.726125001907348633e-01
-6.121831946074962616e-03,9.722527861595153809e-01
6.660480499267578125e-01,6.770303249359130859e-01
7.104399800300598145e-01,-7.119991779327392578e-01
7.537235971540212631e-03,1.001564145088195801e+00
3.629201650619506836e-02,-1.004246234893798828e+00
-6.856747269630432129e-01,-6.758835315704345703e-01
-9.513523429632186890e-03,1.004444956779479980e+00
-6.773346066474914551e-01,-6.761810183525085449e-01
-9.992930889129638672e-01,-1.140026282519102097e-02
-7.111845016479492188e-01,-7.157329320907592773e-01
-7.324575781822204590e-01,6.809246540069580078e-01
-6.581535339355468750e-01,-6.955837011337280273e-01
7.168305516242980957e-01,6.511308550834655762e-01
-6.945920586585998535e-01,-6.892657876014709473e-01
6.860404014587402344e-01,-6.890267133712768555e-01
-7.081030011177062988e-01,-7.043220996856689453e-01
7.433202266693115234e-01,-7.025425434112548828e-01
7.333037257194519043e-01,6.820713281631469727e-01
-7.002083063125610352e-01,-7.221149206161499023e-01
-1.015777707099914551e+00,4.156796727329492569e-03
9.951546788215637207e-01,3.289735689759254456e-02
3.790060803294181824e-02,-1.014641523361206055e+00
-1.005466103553771973e+00,-2.962631406262516975e-03
1.002062797546386719e+00,-2.641894854605197906e-02
6.857768893241882324e-01,6.874760985374450684e-01
9.830476641654968262e-01,-6.109516322612762451e-02
6.830953359603881836e-01,-7.053414583206176758e-01
-1.971918158233165741e-02,9.979298710823059082e-01
-6.962258815765380859e-01,7.075248360633850098e-01
6.774380207061767578e-01,7.247307896614074707e-01
-7.176734209060668945e-01,-7.396321892738342285e-01
9.936574697494506836e-01,4.418468847870826721e-02
-7.121254205703735352e-01,7.047255039215087891e-01
-6.842822432518005371e-01,7.415827512741088867e-01
-7.091508507728576660e-01,7.496277689933776855e-01
-7.059449553489685059e-01,-7.077613472938537598e-01
6.799777746200561523e-01,7.303163409233093262e-01
-9.908453226089477539e-01,1.086790394037961960e-02
-7.330719232559204102e-01,6.923552751541137695e-01
-5.892321933060884476e-03,-9.676204919815063477e-01
1.002585530281066895e+00,4.484382271766662598e-02
3.434828296303749084e-02,-9.834370017051696777e-01
3.022078890353441238e-03,9.992936849594116211e-01
-9.947094321250915527e-01,1.417944300919771194e-02
-7.497619390487670898e-01,6.554118990898132324e-01
-7.575313448905944824e-01,-7.438914179801940918e-01
-2.597442269325256348e-02,-1.023606419563293457e+00
-1.014441967010498047e+00,1.443422120064496994e-02
-3.590556979179382324e-02,9.959256052970886230e-01
7.058933377265930176e-01,6.782492995262145996e-01
-7.215785980224609375e-01,-6.724115610122680664e-01
-1.032720327377319336e+00,-3.050754778087139130e-03
3.024399513378739357e-03,9.739066958427429199e-01
2.775340899825096130e-02,-1.019770622253417969e+00
6.735522747039794922e-01,7.237655520439147949e-01
4.164334386587142944e-03,9.700510501861572266e-01
1.019206285476684570e+00,1.789312437176704407e-02
6.903408765792846680e-01,6.814473867416381836e-01
1.014838814735412598e+00,-9.597093798220157623e-03
1.003392577171325684e+00,-2.743871649727225304e-03
1.544041000306606293e-02,9.647521376609802246e-01
1.657111011445522308e-02,1.002972364425659180e+00
7.197864651679992676e-01,-7.014870643615722656e-01
-6.989796757698059082e-01,7.078944444656372070e-01
1.019603133201599121e+00,-3.639675211161375046e-03
-6.971330642700195312e-01,7.103102207183837891e-01
-6.949309110641479492e-01,7.112432122230529785e-01
-9.726490378379821777e-01,1.336925383657217026e-02
1.008951902389526367e+00,-2.965044043958187103e-02
-6.862786412239074707e-01,7.362089753150939941e-01
-1.630176417529582977e-02,-1.025033831596374512e+00
9.790337085723876953e-01,5.987755022943019867e-03
-9.904242157936096191e-01,-1.007499871775507927e-03
7.483646273612976074e-01,-7.583533525466918945e-01
2.744866907596588135e-02,-9.726114869117736816e-01
1.016567945480346680e+00,2.150264754891395569e-02
9.874895215034484863e-01,-4.345030523836612701e-03
-2.427469938993453979e-02,1.013374567031860352e+00
-3.390071913599967957e-02,-1.042695999145507812e+00
-7.246763706207275391e-01,6.798397302627563477e-01
-1.034112930297851562e+00,2.061285637319087982e-02
1.285203848965466022e-03,1.000214576721191406e+00
-1.037630200386047363e+00,6.638351362198591232e-03
9.822911620140075684e-01,-2.884908765554428101e-02
-6.823862195014953613e-01,6.888819336891174316e-01
-7.003584504127502441e-01,-7.049942016601562500e-01
7.474631667137145996e-01,-7.110126018524169922e-01
-9.653849005699157715e-01,5.955589469522237778e-03
9.754428863525390625e-01,1.179354824125766754e-02
9.543012380599975586e-01,1.360509451478719711e-02
-7.260949611663818359e-01,7.209272384643554688e-01
7.350575327873229980e-01,-7.052133083343505859e-01
-6.918805241584777832e-01,-7.231276631355285645e-01
7.046721577644348145e-01,6.856741905212402344e-01
-4.083046689629554749e-03,-1.010649800300598145e+00
1.025093436241149902e+00,-7.078641559928655624e-03
7.509554028511047363e-01,-7.487902045249938965e-01
6.877908706665039062e-01,7.002704739570617676e-01
-1.612643711268901825e-02,1.014764189720153809e+00
7.036056518554687500e-01,7.582187056541442871e-01
-1.032740995287895203e-02,1.031090259552001953e+00
-1.410770113579928875e-03,1.004665970802307129e+00
1.288472954183816910e-02,9.853997826576232910e-01
7.253607511520385742e-01,-6.967571377754211426e-01
6.577824950218200684e-01,7.165420055389404297e-01
-1.416205056011676788e-02,1.000956296920776367e+00
7.340472936630249023e-01,-7.082978487014770508e-01
7.287300825119018555e-01,-7.133424282073974609e-01
-7.191964387893676758e-01,7.119891047477722168e-01
-9.476747512817382812e-01,9.209471754729747772e-03
-6.790731549263000488e-01,6.889925599098205566e-01
-6.995055675506591797e-01,6.840781569480895996e-01
7.459103465080261230e-01,7.276483774185180664e-01
-9.948835968971252441e-01,3.110139165073633194e-03
6.966187357902526855e-01,7.000374794006347656e-01
-4.065606370568275452e-02,-1.012526869773864746e+00
-6.903835535049438477e-01,7.155464887619018555e-01
-7.347410321235656738e-01,6.925017833709716797e-01
-9.824786186218261719e-01,1.344227697700262070e-02
2.485121414065361023e-02,9.537137150764465332e-01
1.008195877075195312e+00,3.388838609680533409e-03
-9.992456436157226562e-01,4.156296327710151672e-02
1.042381167411804199e+00,-1.469302363693714142e-02
1.041510581970214844e+00,-2.348830923438072205e-02
-7.244492769241333008e-01,6.947088241577148438e-01
-7.075620889663696289e-01,7.362588644027709961e-01
-6.760694384574890137e-01,6.995011568069458008e-01
7.051147818565368652e-01,7.289758920669555664e-01
-6.869504451751708984e-01,7.013804912567138672e-01
7.218462228775024414e-01,-6.801906824111938477e-01
-6.888904571533203125e-01,7.024443745613098145e-01
7.248279452323913574e-01,-6.837536692619323730e-01
2.753103338181972504e-02,9.603309035301208496e-01
-7.130711674690246582e-01,-7.113987207412719727e-01
6.809341907501220703e-01,6.800973415374755859e-01
7.338072657585144043e-01,-6.829607486724853516e-01
-6.954640746116638184e-01,-7.086548805236816406e-01
9.892917871475219727e-01,1.306210085749626160e-02
-4.497881513088941574e-03,1.023853659629821777e+00
-3.562584170140326023e-04,-9.940053224563598633e-01
-6.457192301750183105e-01,7.213641405105590820e-01
-2.415349520742893219e-02,1.006045460700988770e+00
-9.910774230957031250e-01,-2.211758308112621307e-02
3.818619996309280396e-02,9.745107889175415039e-01
-7.155980467796325684e-01,-6.721898317337036133e-01
7.143531441688537598e-01,-7.504115104675292969e-01
7.398902177810668945e-01,-7.031466960906982422e-01
-9.948713779449462891e-01,-8.886712603271007538e-03
7.048990726470947266e-01,-7.098734378814697266e-01
-1.008996129035949707e+00,-1.373776420950889587e-02
9.886899590492248535e-01,4.231090098619461060e-02
6.379088759422302246e-01,6.987576484680175781e-01
-9.874793887138366699e-01,-2.237437292933464050e-02
-7.361227273941040039e-01,-7.075553536415100098e-01
-7.146166637539863586e-03,-1.008066892623901367e+00
-7.168055176734924316e-01,7.264195084571838379e-01
-2.731351368129253387e-02,1.005017399787902832e+00
1.019322872161865234e+00,1.149330381304025650e-02
-7.400663495063781738e-01,7.178005576133728027e-01
-7.135892286896705627e-03,-9.937126636505126953e-01
-5.634119268506765366e-03,1.022697687149047852e+00
1.028720140457153320e+00,1.141878589987754822e-02
7.065172791481018066e-01,7.122070193290710449e-01
9.919207096099853516e-01,4.634811193682253361e-04
-7.472451925277709961e-01,-7.109435796737670898e-01
-7.205703258514404297e-01,-7.182548642158508301e-01
-2.005708590149879456e-02,9.999058246612548828e-01
-7.133187055587768555e-01,7.181205153465270996e-01
6.774353384971618652e-01,7.145248651504516602e-01
-6.968699693679809570e-01,-6.931467652320861816e-01
1.767440326511859894e-02,1.014018297195434570e+00
3.693559393286705017e-02,-9.631060957908630371e-01
-1.000429749488830566e+00,-3.621242567896842957e-02
7.278458476066589355e-01,7.450445294380187988e-01
-7.041630744934082031e-01,6.892834305763244629e-01
-1.025401949882507324e+00,1.016068365424871445e-02
-9.845015406608581543e-01,6.210274063050746918e-03
7.002485990524291992e-01,7.184801697731018066e-01
7.184798717498779297e-01,-6.764183044433593750e-01
1.031748533248901367e+00,4.599806293845176697e-02
-6.908989548683166504e-01,-7.040652632713317871e-01
-1.001026988029479980e+00,-4.881881177425384521e-03
-9.945582747459411621e-01,2.318901568651199341e-02
6.501868963241577148e-01,-7.174062728881835938e-01
-9.893544316291809082e-01,-2.839708514511585236e-02
6.926039457321166992e-01,7.088125348091125488e-01
-6.847037672996520996e-01,-6.987524628639221191e-01
9.988957643508911133e-01,-1.078084949404001236e-02
-7.139887809753417969e-01,-6.544256210327148438e-01
9.869858622550964355e-01,-4.139595199376344681e-03
4.876667633652687073e-02,9.964767098426818848e-01
1.456218678504228592e-02,-1.018135905265808105e+00
-5.447231233119964600e-03,9.756714701652526855e-01
-9.872115850448608398e-01,-2.140841819345951080e-02
7.089558243751525879e-01,-7.116481065750122070e-01
6.791444420814514160e-01,7.211744189262390137e-01
-5.186679214239120483e-02,1.031081795692443848e+00
2.351975440979003906e-02,-9.811717867851257324e-01
-4.662479832768440247e-02,9.997454881668090820e-01
-4.771293327212333679e-02,-9.875392317771911621e-01
5.204026121646165848e-03,-1.000582337379455566e+00
8.185991086065769196e-03,9.863225817680358887e-01
-9.724951982498168945e-01,-7.858242024667561054e-04
-1.006764054298400879e+00,2.341691404581069946e-02
-1.692585647106170654e-02,9.881607890129089355e-01
6.644451618194580078e-01,7.256987690925598145e-01
-2.804015390574932098e-02,-9.658241868019104004e-01
-3.925109654664993286e-02,-1.032479405403137207e+00
1.460879296064376831e-02,-1.019670367240905762e+00
-9.910462498664855957e-01,-1.948066428303718567e-02
-7.153720259666442871e-01,-7.156235575675964355e-01
6.744458079338073730e-01,-6.764917373657226562e-01
-1.026652574539184570e+00,5.924482364207506180e-03
-7.222400903701782227e-01,7.402260303497314453e-01
-1.014197826385498047e+00,3.261845558881759644e-02
-1.003399252891540527e+00,2.451998181641101837e-02
7.047603130340576172e-01,7.321113944053649902e-01
7.223058938980102539e-01,7.245284318923950195e-01
7.457687854766845703e-01,-7.048515081405639648e-01
7.193889021873474121e-01,6.903500556945800781e-01
1.036598443984985352e+00,-2.370811067521572113e-02
6.996858716011047363e-01,6.975480318069458008e-01
6.922135949134826660e-01,6.694548130035400391e-01
-6.871370077133178711e-01,-7.202607989311218262e-01
-7.342822551727294922e-01,-7.318912744522094727e-01
-6.847940683364868164e-01,7.051936984062194824e-01
-2.359753474593162537e-02,1.038475632667541504e+00
9.841079115867614746e-01,2.163837198168039322e-03
-9.905241131782531738e-01,1.902195252478122711e-02
-1.399686560034751892e-02,9.949174523353576660e-01
-4.244313761591911316e-02,9.865711927413940430e-01
-3.349009901285171509e-03,-1.011446475982666016e+00
1.075659040361642838e-02,-1.011699914932250977e+00
9.777238965034484863e-01,1.121041085571050644e-02
-7.214739918708801270e-01,7.011392116546630859e-01
6.992721557617187500e-01,-7.211457490921020508e-01
-7.182080745697021484e-01,7.758343219757080078e-01
1.202309597283601761e-02,-9.938592314720153809e-01
-7.146902680397033691e-01,-7.108255624771118164e-01
6.674896478652954102e-01,6.800104379653930664e-01
2.605766430497169495e-02,9.973716139793395996e-01
9.855254888534545898e-01,2.824002131819725037e-02
7.002339363098144531e-01,-7.009875178337097168e-01
7.032862901687622070e-01,-7.266129851341247559e-01
7.118962407112121582e-01,7.029284238815307617e-01
-9.988592267036437988e-01,-1.500912010669708252e-02
9.467208981513977051e-01,1.105956267565488815e-02
-7.344017028808593750e-01,-7.338187098503112793e-01
7.168996334075927734e-01,-7.151014804840087891e-01
6.813337802886962891e-01,-6.799874305725097656e-01
6.522467136383056641e-01,6.819036006927490234e-01
7.014183402061462402e-01,7.206942439079284668e-01
-7.131941318511962891e-01,-7.168498039245605469e-01
-7.198482751846313477e-01,7.155984640121459961e-01
9.909960031509399414e-01,5.195263307541608810e-03
7.202558517456054688e-01,-7.053077220916748047e-01
6.942651271820068359e-01,-7.255026102066040039e-01
7.395296096801757812e-01,7.474331855773925781e-01
-2.175621874630451202e-02,9.703883528709411621e-01
-7.159072160720825195e-01,6.895154714584350586e-01
-6.926358938217163086e-01,6.920785903930664062e-01
9.941086769104003906e-01,1.792266406118869781e-02
7.040950059890747070e-01,6.946307420730590820e-01
-6.878405809402465820e-01,-7.098677158355712891e-01
1.006720185279846191e+00,1.277591753751039505e-02
-9.884200096130371094e-01,-2.546308748424053192e-02
7.121847867965698242e-01,6.900494098663330078e-01
-6.966066956520080566e-01,-7.118648886680603027e-01
2.249318733811378479e-02,9.974040389060974121e-01
-6.865678429603576660e-01,-7.449718713760375977e-01
9.936696290969848633e-01,-2.892662771046161652e-03
3.859496442601084709e-03,9.878202676773071289e-01
-2.326713502407073975e-02,-1.023064494132995605e+00
9.989500045776367188e-01,-1.344015821814537048e-02
1.014556288719177246e+00,1.763955078786239028e-04
6.786558311432600021e-03,-9.658367633819580078e-01
7.084282636642456055e-01,7.578958272933959961e-01
-9.950668811798095703e-01,-9.701542556285858154e-03
-9.519640803337097168e-01,1.190284360200166702e-02
-7.139055132865905762e-01,6.902918815612792969e-01
-9.889230728149414062e-01,2.205242402851581573e-02
1.027369379997253418e+00,-2.776238694787025452e-02
9.772861003875732422e-01,-2.038527093827724457e-02
-9.835036396980285645e-01,2.855830267071723938e-02
-6.452939705923199654e-04,9.955336451530456543e-01
-2.679151669144630432e-02,1.026807427406311035e+00
-6.728197336196899414e-01,7.239595055580139160e-01
4.666893929243087769e-02,-9.921039938926696777e-01
-7.270181179046630859e-01,7.247428894042968750e-01
-9.898049235343933105e-01,5.041461903601884842e-03
1.086886506527662277e-02,1.029452323913574219e+00
9.819574952125549316e-01,-3.276463970541954041e-02
-9.775176048278808594e-01,1.545230858027935028e-02
-5.684688221663236618e-03,1.064491271972656250e+00
7.272831797599792480e-01,-7.125288844108581543e-01
9.967736601829528809e-01,-1.386546343564987183e-02
-7.229051589965820312e-01,7.270396351814270020e-01
-7.332698702812194824e-01,6.906028985977172852e-01
-1.014043092727661133e+00,3.226225823163986206e-02
-7.097699642181396484e-01,7.035750150680541992e-01
7.389382459223270416e-03,-1.010106325149536133e+00
-9.521751999855041504e-01,2.184508368372917175e-02
-6.736581325531005859e-01,-7.088772058486938477e-01
-3.398759145056828856e-05,-9.781645536422729492e-01
-7.176599502563476562e-01,7.344253063201904297e-01
-6.906912922859191895e-01,-6.954755187034606934e-01
-7.093170881271362305e-01,7.033355832099914551e-01
-7.069582343101501465e-01,-7.264899015426635742e-01
9.925176501274108887e-01,6.004399619996547699e-03
2.503444999456405640e-02,1.020272493362426758e+00
-7.590695749968290329e-03,-1.010096669197082520e+00
-6.864290237426757812e-01,7.323314547538757324e-01
-7.099190354347229004e-01,6.857429146766662598e-01
-6.995550394058227539e-01,6.903184056282043457e-01
7.228744029998779297e-01,-7.016866803169250488e-01
2.057587914168834686e-02,9.896024465560913086e-01
-7.323876619338989258e-01,7.206033468246459961e-01
1.021713733673095703e+00,4.779878072440624237e-03
-9.806182980537414551e-01,2.225198969244956970e-02
-1.148745510727167130e-02,1.035011529922485352e+00
-7.015181779861450195e-01,6.937733292579650879e-01
9.829900264739990234e-01,-5.656729917973279953e-03
-6.754621267318725586e-01,6.861481070518493652e-01
9.770618081092834473e-01,1.494185626506805420e-02
-6.769831776618957520e-01,7.177260518074035645e-01
-2.707352302968502045e-02,9.621632099151611328e-01
-1.339569315314292908e-02,9.865373373031616211e-01
1.002406597137451172e+00,3.411642834544181824e-02
6.824458837509155273e-01,-7.153584957122802734e-01
-6.891167759895324707e-01,7.093327045440673828e-01
-1.630069874227046967e-02,-1.022628903388977051e+00
-9.770040512084960938e-01,4.035211354494094849e-02
-6.803032159805297852e-01,-7.083164453506469727e-01
-7.146235704421997070e-01,6.837255954742431641e-01
6.867808699607849121e-01,-7.209841012954711914e-01
-1.244470477104187012e-02,9.693455100059509277e-01
-7.378177642822265625e-01,7.102309465408325195e-01
1.030182600021362305e+00,-1.021603494882583618e-02
-7.145280838012695312e-01,-7.209017276763916016e-01
6.916681528091430664e-01,-6.875486969947814941e-01
7.260043025016784668e-01,6.747434735298156738e-01
-9.839172363281250000e-01,3.953501582145690918e-03
9.626151323318481445e-01,-1.172856986522674561e-02
-7.187728285789489746e-01,7.125766277313232422e-01
-1.683564297854900360e-02,-9.747666120529174805e-01
-7.207602262496948242e-01,-7.091600298881530762e-01
-6.820942759513854980e-01,-6.720306873321533203e-01
-7.046585679054260254e-01,6.856722831726074219e-01
-4.214846994727849960e-03,-9.879797697067260742e-01
-9.974225759506225586e-01,-2.987194061279296875e-02
7.163615226745605469e-01,-6.993478536605834961e-01
2.036609686911106110e-02,-1.000626564025878906e+00
-1.048165652900934219e-02,-9.924052357673645020e-01
-6.718091964721679688e-01,-7.388005256652832031e-01
7.241202592849731445e-01,6.954125165939331055e-01
7.322565317153930664e-01,-6.771770119667053223e-01
3.417861834168434143e-02,9.903832077980041504e-01
1.034712433815002441e+00,-6.509064696729183197e-03
7.422412037849426270e-01,-6.839450001716613770e-01
-9.986101388931274414e-01,-1.529860310256481171e-02
2.492037788033485413e-02,9.800653457641601562e-01
1.561821252107620239e-02,-9.847736954689025879e-01
-7.095537185668945312e-01,7.494447231292724609e-01
7.125236988067626953e-01,6.854602098464965820e-01
6.657209396362304688e-01,-7.320086956024169922e-01
-1.013396501541137695e+00,4.937694407999515533e-03
-6.874027848243713379e-01,7.225629687309265137e-01
-4.153305664658546448e-02,1.056652665138244629e+00
9.968132972717285156e-01,-2.100493386387825012e-02
-3.085535205900669098e-02,-9.813677072525024414e-01
1.064184354618191719e-03,-1.023652076721191406e+00
-7.483207155019044876e-03,-1.020709872245788574e+00
1.006362795829772949e+00,-2.309454046189785004e-02
-3.252030583098530769e-03,9.693444371223449707e-01
-1.501763612031936646e-02,9.930341243743896484e-01
-7.316315770149230957e-01,-7.350228428840637207e-01
6.900293827056884766e-01,6.926870346069335938e-01
-7.061343789100646973e-01,-6.856166124343872070e-01
-7.118199467658996582e-01,7.483553886413574219e-01
-1.118794921785593033e-02,1.001341581344604492e+00
-9.923723340034484863e-01,-6.816111039370298386e-03
1.623667590320110321e-02,1.009263873100280762e+00
2.821909077465534210e-02,-9.949246048927307129e-01
1.183406729251146317e-02,9.947258234024047852e-01
1.007464766502380371e+00,-2.536582387983798981e-02
-6.824489235877990723e-01,-6.978633403778076172e-01
4.944023094139993191e-04,-9.935851693153381348e-01
-7.228037118911743164e-01,6.956626772880554199e-01
7.016727328300476074e-01,-7.082723975181579590e-01
-9.805207252502441406e-01,1.050467882305383682e-02
-6.777935624122619629e-01,-7.170354127883911133e-01
-6.737638115882873535e-01,-7.210121750831604004e-01
-6.789213418960571289e-01,-6.677700281143188477e-01
1.004693746566772461e+00,-2.565694227814674377e-02
-6.920553445816040039e-01,-7.113165259361267090e-01
-6.994794011116027832e-01,6.825464367866516113e-01
-7.154660820960998535e-01,-7.016947865486145020e-01
6.693894043564796448e-03,-9.791271090507507324e-01
7.355218529701232910e-01,6.889723539352416992e-01
6.820595860481262207e-01,7.293381094932556152e-01
-7.295975089073181152e-01,6.815809607505798340e-01
-6.521881818771362305e-01,-6.843425035476684570e-01
9.794089943170547485e-03,-9.769524335861206055e-01
9.868488311767578125e-01,2.883878536522388458e-03
2.120691724121570587e-02,-1.014555811882019043e+00
4.598838090896606445e-02,9.843354821205139160e-01
-1.039324164390563965e+00,-1.731562241911888123e-02
-7.021400332450866699e-01,-7.085819840431213379e-01
7.128564119338989258e-01,7.711597084999084473e-01
-9.936451911926269531e-01,3.657273482531309128e-03
-6.697142720222473145e-01,6.664626598358154297e-01
6.721798777580261230e-01,6.611193418502807617e-01
-1.023803591728210449e+00,-1.608582958579063416e-02
2.357801981270313263e-02,-9.626405835151672363e-01
7.089771628379821777e-01,-6.949577927589416504e-01
-5.064368620514869690e-02,9.757133722305297852e-01
-7.063087821006774902e-01,7.421954870223999023e-01
-7.216758131980895996e-01,7.186269760131835938e-01
7.115813493728637695e-01,7.442047595977783203e-01
-9.948150515556335449e-01,3.660546615719795227e-02
6.928425282239913940e-03,9.850543141365051270e-01
7.005081772804260254e-01,-6.636555194854736328e-01
6.629124283790588379e-01,6.975097656250000000e-01
-1.196985412389039993e-02,9.725435972213745117e-01
7.193287611007690430e-01,-6.898665428161621094e-01
-7.184577584266662598e-01,-7.287175059318542480e-01
7.173540592193603516e-01,6.856279969215393066e-01
-1.076386496424674988e-02,1.004095435142517090e+00
6.858835220336914062e-01,-7.062178850173950195e-01
-1.284034270793199539e-02,1.006494760513305664e+00
-7.144799232482910156e-01,6.833428740501403809e-01
2.821750007569789886e-03,-9.922765493392944336e-01
6.996772289276123047e-01,7.761156558990478516e-01
-7.161082625389099121e-01,7.501264214515686035e-01
-1.008177757263183594e+00,2.794092893600463867e-02
6.970299482345581055e-01,7.134932875633239746e-01
9.993533492088317871e-01,-2.300003543496131897e-02
-7.290650010108947754e-01,7.085235118865966797e-01
6.823275685310363770e-01,6.765858530998229980e-01
9.605531096458435059e-01,8.752771653234958649e-03
6.708283424377441406e-01,-7.284106016159057617e-01
-3.393793478608131409e-02,9.880419373512268066e-01
1.004077792167663574e+00,-2.879783511161804199e-02
9.961832761764526367e-01,-2.169349463656544685e-03
-6.906341314315795898e-01,-7.007219195365905762e-01
1.001957416534423828e+00,3.494554432108998299e-03
-6.994500756263732910e-01,6.822533011436462402e-01
6.739956140518188477e-01,-6.971606016159057617e-01
7.268672585487365723e-01,-7.100538611412048340e-01
-8.375680074095726013e-03,-1.035700321197509766e+00
1.008582949638366699e+00,3.449861705303192139e-02
-1.462970394641160965e-02,9.733346104621887207e-01
-6.992226839065551758e-01,-6.740629076957702637e-01
6.813008189201354980e-01,7.360185980796813965e-01
1.020836353302001953e+00,1.650307886302471161e-02
2.897174470126628876e-02,1.031613588333129883e+00
-9.797821640968322754e-01,-4.168701358139514923e-03
2.222256176173686981e-02,-1.006705999374389648e+00
-7.188293933868408203e-01,7.299286127090454102e-01
-6.823587417602539062e-01,6.795194745063781738e-01
-6.946271061897277832e-01,7.283983826637268066e-01
6.970491409301757812e-01,-6.780093312263488770e-01
7.031447887420654297e-01,-7.070617079734802246e-01
6.787737607955932617e-01,7.421445250511169434e-01
-3.033649735152721405e-02,-1.005667686462402344e+00
-7.034826874732971191e-01,6.946536898612976074e-01
-6.851720809936523438e-01,7.152636051177978516e-01
-6.839354038238525391e-01,-7.173499464988708496e-01
6.909272074699401855e-01,-7.270182967185974121e-01
2.815811894834041595e-02,-9.703968763351440430e-01
-3.105224855244159698e-02,-9.601500630378723145e-01
7.050471901893615723e-01,6.819158196449279785e-01
-6.917219758033752441e-01,-7.099075913429260254e-01
1.006356120109558105e+00,-2.823918499052524567e-02
-1.007961574941873550e-02,-9.630909562110900879e-01
6.749816536903381348e-01,-7.302494645118713379e-01
9.633201956748962402e-01,1.182603649795055389e-02
7.045946717262268066e-01,-7.000879645347595215e-01
-6.951674818992614746e-01,6.998507380485534668e-01
9.843155145645141602e-01,-2.305477485060691833e-02
1.009852051734924316e+00,-5.017774552106857300e-02
-6.791066527366638184e-01,-6.920679211616516113e-01
-1.012177109718322754e+00,-2.075910940766334534e-02
6.867291927337646484e-01,-6.809988021850585938e-01
6.846388578414916992e-01,-7.459074258804321289e-01
9.728432893753051758e-01,1.843187026679515839e-02
-6.148953922092914581e-03,-1.052577376365661621e+00
9.716905355453491211e-01,1.319145970046520233e-02
-6.893150210380554199e-01,7.225630283355712891e-01
-7.117336392402648926e-01,-6.778253316879272461e-01
6.788921952247619629e-01,6.955961585044860840e-01
-1.831173896789550781e-02,-9.945891499519348145e-01
2.964218519628047943e-02,1.049740195274353027e+00
7.590050697326660156e-01,-6.638882756233215332e-01
-6.871452927589416504e-01,6.803705692291259766e-01
-5.678299814462661743e-03,-1.003405213356018066e+00
-6.619122624397277832e-01,-7.219977974891662598e-01
-1.011676907539367676e+00,-8.975040167570114136e-03
9.910863637924194336e-01,2.800344116985797882e-02
-1.558970427140593529e-03,9.904285669326782227e-01
-6.599395275115966797e-01,-6.952866911888122559e-01
4.641626030206680298e-03,9.834278821945190430e-01
1.242226455360651016e-02,-9.874764084815979004e-01
-1.000628352165222168e+00,5.367664620280265808e-03
3.989794757217168808e-03,-1.008628368377685547e+00
6.990829706192016602e-01,-7.037867307662963867e-01
1.538733020424842834e-02,-9.789579510688781738e-01
3.092153929173946381e-02,1.003510832786560059e+00
6.974722743034362793e-01,7.097573876380920410e-01
-1.009554982185363770e+00,-2.562772110104560852e-02
-7.103198766708374023e-01,-7.278654575347900391e-01
7.250236272811889648e-01,-7.138447761535644531e-01
-6.955004334449768066e-01,-7.631893157958984375e-01
7.041413187980651855e-01,7.198604345321655273e-01
-1.020196795463562012e+00,3.664403036236763000e-02
7.135812640190124512e-01,7.407835125923156738e-01
-1.027468800544738770e+00,-2.095082774758338928e-02
-7.327134609222412109e-01,7.393977642059326172e-01
1.975467242300510406e-02,9.871405959129333496e-01
-6.847137212753295898e-01,-6.738438606262207031e-01
6.645132303237915039e-01,-7.008373737335205078e-01
9.686967134475708008e-01,-1.021551340818405151e-02
-2.900228835642337799e-02,1.043025135993957520e+00
1.845003478229045868e-02,1.020586848258972168e+00
1.023313403129577637e+00,5.378670059144496918e-03
7.487308382987976074e-01,-6.952688694000244141e-01
3.625857457518577576e-02,-9.607567787170410156e-01
7.382438778877258301e-01,7.083255648612976074e-01
1.018898606300354004e+00,3.017991036176681519e-02
1.551134418696165085e-02,9.944882988929748535e-01
-7.076901793479919434e-01,7.176361680030822754e-01
-6.818580627441406250e-01,-7.423044443130493164e-01
3.921097517013549805e-02,9.916394352912902832e-01
-7.418981194496154785e-01,6.666377186775207520e-01
1.003224492073059082e+00,-3.290854394435882568e-02
-7.208899594843387604e-03,-1.009942889213562012e+00
1.432908233255147934e-02,9.930608272552490234e-01
9.879020452499389648e-01,6.992074660956859589e-03
6.885318160057067871e-01,7.424246668815612793e-01
-4.041220527142286301e-03,1.026202797889709473e+00
7.151799798011779785e-01,7.127032876014709473e-01
6.921743154525756836e-01,-7.113965749740600586e-01
-1.647725142538547516e-02,1.009314656257629395e+00
2.355557167902588844e-03,1.038632154464721680e+00
1.025697495788335800e-02,-1.007704138755798340e+00
7.251580357551574707e-01,-7.207184433937072754e-01
2.035186067223548889e-02,1.010355949401855469e+00
1.018653631210327148e+00,-1.007742132060229778e-03
-6.823376417160034180e-01,7.165490388870239258e-01
1.566875353455543518e-02,9.735581874847412109e-01
-1.011753439903259277e+00,1.749642193317413330e-02
1.415900420397520065e-02,1.011655926704406738e+00
-7.029760479927062988e-01,7.168979644775390625e-01
-7.000696063041687012e-01,-7.198325991630554199e-01
-6.953073740005493164e-01,-7.204559445381164551e-01
7.133811116218566895e-01,-7.226090431213378906e-01
3.642328828573226929e-02,9.985134601593017578e-01
-1.210145000368356705e-02,-1.012462854385375977e+00
-7.035921812057495117e-01,7.273354530334472656e-01
7.131447792053222656e-01,6.908176541328430176e-01
-9.986219406127929688e-01,-3.175715915858745575e-03
-6.625018715858459473e-01,-6.885231137275695801e-01
-6.926205158233642578e-01,-6.943373084068298340e-01
-6.846853494644165039e-01,6.925336122512817383e-01
-6.946745514869689941e-01,-7.248146533966064453e-01
-1.230408321134746075e-03,-1.000419020652770996e+00
-7.318636775016784668e-01,7.077979445457458496e-01
7.066828608512878418e-01,7.076985836029052734e-01
9.794549942016601562e-01,7.172826211899518967e-03
1.952697895467281342e-02,9.945201873779296875e-01
-6.645370721817016602e-01,-7.068272233009338379e-01
7.350916266441345215e-01,7.011318802833557129e-01
-7.109065055847167969e-01,7.368021607398986816e-01
-6.688663363456726074e-01,-7.094604372978210449e-01
7.105765342712402344e-01,7.275480031967163086e-01
7.033596634864807129e-01,6.829524636268615723e-01
7.192842364311218262e-01,6.549482345581054688e-01
2.550748409703373909e-03,-9.834598898887634277e-01
-7.021141648292541504e-01,-6.923137903213500977e-01
7.227919101715087891e-01,7.419893145561218262e-01
7.365320324897766113e-01,7.201385498046875000e-01
1.028467059135437012e+00,-2.504750341176986694e-02
-1.007850170135498047e+00,-1.182157080620527267e-02
-1.019395470619201660e+00,2.651896513998508453e-02
-7.310242056846618652e-01,7.181746959686279297e-01
1.007308483123779297e+00,2.557010389864444733e-02
-6.769635081291198730e-01,6.959289312362670898e-01
-1.016904830932617188e+00,2.712823636829853058e-02
-1.124296057969331741e-02,1.018418431282043457e+00
1.014215469360351562e+00,-6.247976794838905334e-03
9.733459353446960449e-01,5.886238440871238708e-02
1.176258898340165615e-03,1.007627487182617188e+00
-3.754720091819763184e-02,1.008146286010742188e+00
-2.051254920661449432e-02,-1.010199427604675293e+00
-6.740414500236511230e-01,-6.870121359825134277e-01
-2.514686807990074158e-02,-1.011438846588134766e+00
-1.248350925743579865e-02,1.008873820304870605e+00
-7.270725965499877930e-01,-7.114775180816650391e-01
6.648358702659606934e-01,7.054686546325683594e-01
-7.311453819274902344e-01,-6.843338608741760254e-01
-1.865151152014732361e-02,9.911215305328369141e-01
7.180833220481872559e-01,7.223047614097595215e-01
-7.233461141586303711e-01,-6.952502727508544922e-01
7.100036144256591797e-01,7.158257365226745605e-01
7.135749459266662598e-01,-7.556180357933044434e-01
-7.213859558105468750e-01,-7.014623880386352539e-01
7.285270094871520996e-01,6.833932399749755859e-01
-9.890013933181762695e-01,-8.123946376144886017e-03
-7.154347300529479980e-01,7.464900612831115723e-01
-6.883183717727661133e-01,-7.010927200317382812e-01
-9.812124371528625488e-01,5.317395552992820740e-02
-1.027957320213317871e+00,2.540126256644725800e-02
1.016962051391601562e+00,-4.337383806705474854e-02
-3.535944595932960510e-02,-1.006869912147521973e+00
-1.401723641902208328e-02,-1.029600858688354492e+00
-1.012260794639587402e+00,6.630402058362960815e-03
6.858800649642944336e-01,6.883049607276916504e-01
-7.195014357566833496e-01,7.420462965965270996e-01
-7.112984061241149902e-01,6.831284761428833008e-01
-6.959350109100341797e-01,7.233012914657592773e-01
-7.052730303257703781e-03,9.780572056770324707e-01
9.637540578842163086e-01,1.561561040580272675e-02
2.213198877871036530e-02,-1.008492350578308105e+00
7.008250355720520020e-01,-7.019443511962890625e-01
6.312649250030517578e-01,7.195361852645874023e-01
1.032871484756469727e+00,-1.199705759063363075e-03
1.025418639183044434e+00,-1.267689745873212814e-02
-7.169152498245239258e-01,7.060577273368835449e-01
-7.095762491226196289e-01,7.002359628677368164e-01
7.162944674491882324e-01,6.801525354385375977e-01
7.443815469741821289e-01,7.239407300949096680e-01
-6.810923218727111816e-01,-6.809986829757690430e-01
6.814240813255310059e-01,-7.190368175506591797e-01
-2.758997678756713867e-02,-9.886004328727722168e-01
7.141212224960327148e-01,-7.011000514030456543e-01
-7.020902037620544434e-01,-7.165474891662597656e-01
-7.341751456260681152e-01,-6.744236946105957031e-01
-1.016312718391418457e+00,-2.347798831760883331e-02
7.061179280281066895e-01,-7.634178996086120605e-01
7.992365397512912750e-03,9.868186116218566895e-01
2.024135924875736237e-02,9.781935214996337891e-01
-1.012518167495727539e+00,-8.105460554361343384e-03
-9.766177535057067871e-01,-1.309338770806789398e-02
-1.009737133979797363e+00,-2.001187019050121307e-02
9.777697324752807617e-01,-3.914938867092132568e-02
9.922055006027221680e-01,-1.726318523287773132e-02
5.931297317147254944e-03,1.019742488861083984e+00
-7.132740020751953125e-01,-7.205526828765869141e-01
1.036351799964904785e+00,-2.153618633747100830e-02
-7.059841752052307129e-01,6.935331225395202637e-01
2.792513556778430939e-02,-1.019860267639160156e+00
1.019794464111328125e+00,2.032719366252422333e-02
-9.877142310142517090e-01,2.595607005059719086e-02
-6.604992151260375977e-01,-6.917399168014526367e-01
-1.014296412467956543e+00,6.689423229545354843e-03
-9.981947541236877441e-01,-1.433135010302066803e-02
-1.006992220878601074e+00,-4.155504330992698669e-02
1.019380688667297363e+00,1.436371542513370514e-02
1.007879495620727539e+00,3.828590363264083862e-02
6.774293780326843262e-01,-6.987912058830261230e-01
1.003882408142089844e+00,6.980670150369405746e-03
1.295161340385675430e-02,1.013416171073913574e+00
6.907330155372619629e-01,-7.412949800491333008e-01
-6.878255009651184082e-01,-7.050489187240600586e-01
-7.235844731330871582e-01,7.172365784645080566e-01
-7.169401645660400391e-01,-6.954231858253479004e-01
6.839804649353027344e-01,7.029297351837158203e-01
-1.679811440408229828e-02,-1.001145839691162109e+00
-1.875965297222137451e-02,-9.972252249717712402e-01
1.411344949156045914e-02,-1.033686161041259766e+00
-2.309481613337993622e-02,-9.997631907463073730e-01
1.020783543586730957e+00,8.581217378377914429e-03
-6.869008541107177734e-01,-7.191623449325561523e-01
-7.090297937393188477e-01,-7.319507002830505371e-01
-6.624740362167358398e-01,7.007902860641479492e-01
-7.300984263420104980e-01,6.976950168609619141e-01
1.014686226844787598e+00,1.591048762202262878e-02
6.916060447692871094e-01,7.239204049110412598e-01
7.169095277786254883e-01,7.513221502304077148e-01
8.932656608521938324e-03,9.853175282478332520e-01
4.494547471404075623e-02,-9.680287241935729980e-01
-1.732611469924449921e-02,9.902930855751037598e-01
-7.086077928543090820e-01,-6.916872859001159668e-01
-7.082694172859191895e-01,-7.003583908081054688e-01
-1.662090048193931580e-02,9.659429788589477539e-01
9.950273633003234863e-01,3.049248084425926208e-02
5.669547710567712784e-03,1.018068313598632812e+00
2.796805277466773987e-02,-9.546201229095458984e-01
7.127670645713806152e-01,-6.994213461875915527e-01
7.041050791740417480e-01,7.138080000877380371e-01
-9.700461030006408691e-01,4.806911107152700424e-03
-6.866433620452880859e-01,-6.839918494224548340e-01
-7.475871443748474121e-01,7.269800901412963867e-01
-4.673527181148529053e-02,9.778849482536315918e-01
-1.029864311218261719e+00,2.394846267998218536e-02
6.826233267784118652e-01,-7.056861519813537598e-01
-7.292656302452087402e-01,6.632665991783142090e-01
-3.131141886115074158e-02,9.817320108413696289e-01
7.158963680267333984e-01,-7.053658366203308105e-01
-9.933978915214538574e-01,8.553239516913890839e-03
-2.019806206226348877e-02,1.009832859039306641e+00
6.964107155799865723e-01,6.791193485260009766e-01
1.400013826787471771e-02,-9.948482513427734375e-01
7.072569727897644043e-01,-7.244266867637634277e-01
-7.290747165679931641e-01,6.562079787254333496e-01
